Metric,Score
Accuracy,0.97421334778549
Precision,0.5235437385833164
Recall,0.9552819183408944
F1 Score,0.6763905732734603
Average Precision,93.08146898530526
